,Polynominal,RMSE
0,1,679.325605294516
1,2,712.5610659323565
2,3,589.2897971682183
3,4,586.995152292229
4,5,599.4291034808035
