,Polynominal,RMSE
0,1,594.2160917124985
1,2,470.35667869009694
2,3,480.3157209085569
3,4,491.8239531297821
4,5,548.997634019629
