,Polynominal,RMSE
0,1,749.4660253783813
1,2,533.5885717829916
2,3,533.1235060649608
3,4,513.0164951252931
4,5,515.6728331498414
